Episode,Reward,Success,Steps,Final_Absolute_Error,Epsilon,Loss,Wall_Clock_Time
1,-149.4896975159645,0,150,0.6265990089456891,1.0,0.0,0.2433946132659912
2,-52.81498382007703,0,150,0.9224760050088714,0.995,0.0,0.4840517044067383
3,-168.785686314106,0,150,0.9214025180036642,0.990025,0.0,0.7433984279632568
4,-25.316003219597043,0,150,0.12449195440079053,0.985074875,0.1033607439534499,1.3223185539245605
5,16.297576755785848,1,20,0.013747197545700002,0.9801495006250001,0.10905953515321017,1.3821940422058105
6,-105.17001573741436,0,150,0.8278720106399579,0.9752487531218751,0.07320000166694324,1.8784284591674805
7,-87.0277531594038,0,150,0.4739199884630404,0.9703725093562657,0.049576772927927476,2.33856201171875
8,-90.88215355575085,0,150,0.6050063532974823,0.9655206468094844,0.03295276516117156,2.799254894256592
9,-53.49322626329958,0,150,0.7760611971480048,0.960693043575437,0.028407657233377296,3.2659850120544434
10,-51.899927139375365,0,150,0.35590810449055915,0.9558895783575597,0.026347497189417483,3.734729766845703
11,-138.30844444036484,0,150,1.4748040726637202,0.9511101304657719,0.023262587012723088,4.21763801574707
12,18.68015968790278,1,23,0.02863412122717734,0.946354579813443,0.01619802893179914,4.2849366664886475
13,-73.8308362359181,0,150,0.42110229078358075,0.9416228069143757,0.027629080014303326,4.753127813339233
14,-41.653846600186085,0,150,0.18777675228809565,0.9369146928798039,0.029505228518197934,5.241559267044067
15,-10.950995230645642,0,150,0.414398130127984,0.9322301194154049,0.023867515157908203,5.704315900802612
16,19.461638716980815,1,51,0.03315303908132321,0.9275689688183278,0.02689477405054312,5.864416122436523
17,-12.56976264168043,1,98,0.0011307877845558867,0.9229311239742362,0.03381873093241332,6.188402891159058
18,-50.13167325279209,0,150,0.4531113447533251,0.918316468354365,0.03568798202400406,6.718496322631836
19,0.4750372378155525,1,150,0.027184210775654083,0.9137248860125932,0.031038314482818047,7.198846817016602
20,17.55932451829576,1,8,0.037563160819118695,0.9091562615825302,0.046868330566212535,7.225553750991821
21,-26.756517853681,0,150,0.13336233824673693,0.9046104802746175,0.03348954080293576,7.699194431304932
22,-10.6150409557391,1,77,0.030379539951828183,0.9000874278732445,0.0371029106416292,7.948865175247192
23,-55.48820812981573,0,150,0.1603984074112197,0.8955869907338783,0.037821142512063186,8.421290874481201
24,-100.06861108541489,0,150,0.7648843012718471,0.8911090557802088,0.03528721153115233,8.893034219741821
25,-87.0066213041544,0,150,0.0962317510591093,0.8866535105013078,0.034449888952076436,9.383453369140625
26,-10.645001185685409,0,150,0.022491224231847573,0.8822202429488013,0.035219869092106816,9.850687265396118
27,0.1784528348594847,1,81,0.025465753169556016,0.8778091417340573,0.029462826208291965,10.11832880973816
28,20.099179738387466,1,19,0.030412272191819394,0.8734200960253871,0.028307997670612838,10.176948547363281
29,-3.726955361383446,1,85,0.026970922949618337,0.8690529955452602,0.03470421746811446,10.447640419006348
30,16.45060379358474,1,23,0.017188460449608006,0.8647077305675338,0.02445728874400906,10.516411542892456
31,-17.656685475539426,0,150,0.04935917688164715,0.8603841919146962,0.03602302787825465,10.980136394500732
32,8.418365032691508,1,85,0.012648602003675513,0.8560822709551227,0.03572235512821113,11.272083282470703
33,7.60574259040877,1,79,0.011035601885156177,0.851801859600347,0.03368183708737923,11.528374671936035
34,-28.305797197110934,1,137,0.003118787243784782,0.8475428503023453,0.029511242166814142,11.978968858718872
35,-50.88769510616548,0,150,0.22216514957755462,0.8433051360508336,0.030427505001425742,12.475316762924194
36,-10.265342172898823,1,125,0.009747560267373778,0.8390886103705794,0.030473387375473976,12.881864070892334
37,15.065249487198889,1,35,0.003969602478997684,0.8348931673187264,0.033709905349782535,12.995760917663574
38,13.253912196226883,1,66,0.03991649961042351,0.8307187014821328,0.029918415754130394,13.194987297058105
39,19.253670424269515,1,111,0.013728350653996649,0.8265651079747222,0.032155053287341785,13.535341501235962
40,3.885689112497488,1,67,0.039399156167100435,0.8224322824348486,0.02944009446664088,13.750291347503662
41,12.105330982711166,1,42,0.01285214829399553,0.8183201210226743,0.031292412230478864,13.869060277938843
42,21.86530602192506,1,24,0.005604924470835257,0.8142285204175609,0.02814587322063744,13.941376209259033
43,17.62873980475124,1,74,0.013343156494724062,0.810157377815473,0.030466050777987048,14.180029153823853
44,-43.67570246644317,1,118,0.039171227997136626,0.8061065909263957,0.031007437011763707,14.560218572616577
45,17.470138052571563,1,8,0.018502644614549667,0.8020760579717637,0.0275806812569499,14.585944175720215
46,13.742421351606026,1,73,0.0013951423752170122,0.798065677681905,0.032517966214720515,14.816032648086548
47,20.68491975418292,1,29,0.032329255448503846,0.7940753492934954,0.031714220563399384,14.899021863937378
48,17.040492684580386,1,16,0.00537790247992076,0.7901049725470279,0.035661855014041066,14.954835891723633
49,18.388563211867584,1,41,0.022464780908470927,0.7861544476842928,0.03410811263431863,15.080825805664062
50,4.705767982569521,1,38,0.022009037226213835,0.7822236754458713,0.03389379725252327,15.200181484222412
51,17.398171230219305,1,11,0.007459367336392825,0.778312557068642,0.0316239751198075,15.232264995574951
52,11.676146415434777,1,50,0.023981215930973465,0.7744209942832988,0.030618938244879247,15.400814294815063
53,14.497736820764839,1,33,0.023736073505116806,0.7705488893118823,0.03610714835425218,15.512914657592773
54,8.30444420534186,1,61,0.015489883770866686,0.7666961448653229,0.034583492632039255,15.713550090789795
55,-8.184445968084042,1,60,0.019557851693675993,0.7628626641409962,0.03389094900339842,15.9120774269104
56,22.399276133778038,1,23,0.03866099894544168,0.7590483508202912,0.03583773460401141,15.991856336593628
57,4.885698253975714,1,112,0.002329987199911565,0.7552531090661897,0.03966633923950472,16.344892740249634
58,1.7648290178622048,1,79,0.033306038065650245,0.7514768435208588,0.03718035974645916,16.58836531639099
59,17.266196154011414,1,12,0.03092685090017737,0.7477194593032545,0.03374418010935187,16.63428831100464
60,14.080874204915016,1,25,0.02059782431459578,0.7439808620067382,0.03992821574211121,16.719584703445435
61,16.80236843508901,1,15,0.00018609623244483786,0.7402609576967045,0.03488302690287431,16.76701307296753
62,6.585912948288023,1,52,0.00915826882075721,0.736559652908221,0.04093988479759831,16.931777477264404
63,18.327882362995297,1,21,0.0017403741556670793,0.7328768546436799,0.03703620675064269,16.997910499572754
64,10.923905964032746,1,40,0.002982037178245689,0.7292124703704616,0.045308020897209644,17.12447690963745
65,10.10793817602098,1,66,0.015500240806574722,0.7255664080186093,0.042006244995828834,17.34270668029785
66,15.248263978588511,1,19,0.0074017982289099615,0.7219385759785162,0.04011873097011918,17.406540870666504
67,20.10254502670141,1,75,0.0003095573601079593,0.7183288830986236,0.04716710204879443,17.641535758972168
68,9.494402344617992,1,39,0.039783660364449136,0.7147372386831305,0.0460387064764897,17.773351669311523
69,21.292354233912192,1,24,0.0003662181448796098,0.7111635524897149,0.04968657732630769,17.84687352180481
70,15.788571327610407,1,104,0.004093835732231155,0.7076077347272662,0.049403006927325174,18.18816328048706
71,15.242869317717851,1,22,0.032885565660851046,0.7040696960536299,0.048827822489494625,18.25687074661255
72,29.947050374350503,1,99,0.005847608725952136,0.7005493475733617,0.05181374010451213,18.56799817085266
73,7.215163762809241,1,54,0.024890702316673008,0.697046600835495,0.05107602642642127,18.72991704940796
74,13.944640953652561,1,106,0.021194859242160413,0.6935613678313175,0.05365037218720283,19.059526205062866
75,2.6152059366213436,1,100,0.00010647534936036873,0.6900935609921609,0.05192624123767018,19.384802103042603
76,1.9163219224661567,1,61,0.013607011742802766,0.6866430931872001,0.047889302728972474,19.56657338142395
77,10.633736998820677,1,29,0.01560319107786401,0.6832098777212641,0.05579771518964192,19.654520511627197
78,17.44338605646044,1,11,0.020717061068459122,0.6797938283326578,0.08060683479363268,19.68956756591797
79,21.81173188709654,1,28,0.03730569451023347,0.6763948591909945,0.05455567042476365,19.776658535003662
80,21.19229725373443,1,34,0.024370570616052523,0.6730128848950395,0.05741458583404036,19.88507604598999
81,18.200424103811383,1,27,0.028930263232993747,0.6696478204705644,0.048373668903002036,19.977195024490356
82,-3.368872540909802,1,61,0.03095255407236197,0.6662995813682115,0.06577023937076819,20.168686866760254
83,-1.9386809764429955,1,54,0.023544804534255226,0.6629680834613705,0.06150735390407068,20.339685678482056
84,3.8980495659456196,1,52,9.813172996353536e-05,0.6596532430440636,0.065731656522705,20.506799936294556
85,7.813346980232746,1,35,0.0025061521981230017,0.6563549768288433,0.06410618030599186,20.622918844223022
86,1.5108989017084191,1,68,0.007155118266566285,0.653073201944699,0.06582248208167799,20.84308171272278
87,15.726204978115856,1,41,0.0006019221349380377,0.6498078359349755,0.05879825135556663,20.969019174575806
88,13.565641537541524,1,53,0.02174521438760524,0.6465587967553006,0.05748958196842446,21.146010160446167
89,14.351710002869368,1,24,0.027984971913749324,0.6433260027715241,0.0744554380265375,21.227335929870605
90,13.348739794862922,1,27,0.0023145726856462767,0.6401093727576664,0.07378069649415987,21.318470001220703
91,16.048052337765693,1,15,0.012273785631323753,0.6369088258938781,0.07946829969684283,21.36882972717285
92,18.07969721709378,1,55,0.03048005154552491,0.6337242817644086,0.07801339233463461,21.56384778022766
93,11.065024377126246,1,47,0.0020603651342201434,0.6305556603555866,0.08038687460283016,21.71674132347107
94,11.406042769225314,1,23,0.003585504975121556,0.6274028820538087,0.07863831560572852,21.790640115737915
95,16.98566178625915,1,13,0.0014890938924305985,0.6242658676435396,0.08133864273818639,21.831601858139038
96,14.862211634451523,1,18,0.0035694192252863077,0.6211445383053219,0.09110367049773534,21.887077569961548
97,6.116770272504065,1,100,0.0028905580803821884,0.6180388156137953,0.07491833813488484,22.26900601387024
98,3.5763751502148757,1,48,0.021545465434484212,0.6149486215357263,0.0704415407186995,22.408984184265137
99,16.628827989078125,1,15,0.006037474901363166,0.6118738784280476,0.07520183001955351,22.457765817642212
100,12.126478015247267,1,44,0.00351867074170209,0.6088145090359074,0.07893223146145995,22.592207431793213
101,15.656221071680193,1,18,0.01485054575851752,0.6057704364907278,0.07557045575231314,22.648040771484375
102,10.939352389134001,1,24,0.015871721730782884,0.6027415843082742,0.07709359827761848,22.73492431640625
103,5.2639676949242125,1,37,0.014260412894449126,0.5997278763867329,0.07860076925843149,22.849565505981445
104,13.00544169184868,1,58,0.029877481050220367,0.5967292370047992,0.08370383687574288,23.03648328781128
105,17.49554189648479,1,8,0.03223803144634749,0.5937455908197752,0.08329948247410357,23.060996294021606
106,13.392169795103836,1,36,0.031979355922900576,0.5907768628656763,0.07041436299267742,23.17294931411743
107,9.642919011367486,1,30,0.005154805021129749,0.5878229785513479,0.06252501383423806,23.267751455307007
108,15.116701735381502,1,19,0.03551024430788008,0.5848838636585911,0.06536507420241833,23.330106735229492
109,17.627817670372316,1,28,0.03712794469709707,0.5819594443402982,0.08471629648868527,23.418684244155884
110,6.600975180696692,1,39,0.006476779969295077,0.5790496471185967,0.07529891974841937,23.540745496749878
111,17.060042599914595,1,13,0.00953042639699811,0.5761543988830038,0.089038904899588,23.585559844970703
112,10.586775036749895,1,33,0.01216120826792555,0.5732736268885887,0.08038691702214154,23.68897843360901
113,16.364470196003094,1,18,0.00746178376734305,0.5704072587541458,0.10127766844299105,23.752216577529907
114,16.68546232532244,1,14,0.0026106114127089353,0.567555222460375,0.087008694718991,23.801828622817993
115,17.558779359515757,1,10,0.023410727483339444,0.5647174463480732,0.11586952060461045,23.83052086830139
116,11.943635163761792,1,42,0.023893055615449077,0.5618938591163328,0.0857922276925473,23.968947410583496
117,11.395010902546346,1,32,0.0066517093776576885,0.5590843898207511,0.08773989573819563,24.075063228607178
118,31.086147183552377,1,78,0.012115830759925894,0.5562889678716474,0.09715070821440373,24.316637992858887
119,22.05656539855699,1,16,0.0064699443087367775,0.5535075230322891,0.11003109405282885,24.364821910858154
120,-1.657411526213405,1,50,0.014253344904088694,0.5507399854171277,0.10752472285181285,24.52490496635437
121,9.655653449319653,1,40,0.00018990180195654904,0.547986285490042,0.10097678182646633,24.644933700561523
122,14.645616318995598,1,27,0.015759856957689444,0.5452463540625918,0.08327306241348938,24.726064920425415
123,10.132255800580603,1,63,0.010124487680792438,0.5425201222922789,0.10523123699166471,24.936919927597046
124,20.433513720170595,1,34,0.01606958060674979,0.5398075216808175,0.10043032429016688,25.040583610534668
125,10.531680226977915,1,26,0.008757497323813368,0.5371084840724134,0.09925497387750791,25.125070810317993
126,17.15705828280188,1,12,0.0019655429368417854,0.5344229416520513,0.09508711316933234,25.16275119781494
127,15.142900596838444,1,55,0.012235670991344455,0.531750826943791,0.09908966384828091,25.345125436782837
128,24.0078759599186,1,47,0.0015367008902302665,0.5290920728090721,0.11183771162115513,25.494145154953003
129,12.338540661754086,1,56,0.010412319860845398,0.5264466124450268,0.10337552158827228,25.67729640007019
130,22.702541827317326,1,44,0.00895214102550064,0.5238143793828016,0.10282395564189012,25.809264659881592
131,20.179163374530617,1,22,0.004573321682545706,0.5211953074858876,0.09863120266659693,25.88590669631958
132,15.413243087753653,1,20,0.03869715962986575,0.5185893309484582,0.06701243063434958,25.943735599517822
133,17.284657684046987,1,12,0.006210056332259892,0.5159963842937159,0.07500267447903752,25.984499216079712
134,14.556699923239648,1,24,0.02568475616167054,0.5134164023722473,0.10779328970238566,26.068512439727783
135,10.342118917685003,1,39,0.006926242613728317,0.510849320360386,0.09497701161755966,26.18780207633972
136,5.638879822380837,1,43,0.008851451904239083,0.5082950737585841,0.14249520887469136,26.3285973072052
137,17.535738579789175,1,12,0.011429481600496429,0.5057535983897912,0.15132010945429406,26.369066953659058
138,11.496662707207726,1,25,0.002279918838671846,0.5032248303978422,0.12007254801690578,26.449214696884155
139,9.26419053110294,1,27,0.03371425598975952,0.500708706245853,0.10522964417382523,26.540551900863647
140,20.797663459740576,1,33,0.030091754142282948,0.4982051627146237,0.07787682663536433,26.643539667129517
141,13.91808228851296,1,24,0.007749262057348105,0.49571413690105054,0.09900410054251552,26.712637424468994
142,17.328749076277017,1,11,0.009215434038768594,0.4932355662165453,0.10997222465547649,26.74453067779541
143,14.085627910459879,1,26,0.004117682447220827,0.4907693883854626,0.0999904150286546,26.840281009674072
144,16.747892967890948,1,15,0.007971858218537686,0.4883155414435353,0.08732525495191415,26.885469675064087
145,11.28761157905683,1,28,0.006340104734412266,0.4858739637363176,0.12248215125873685,26.97605848312378
146,28.012616563495243,1,54,0.017767872402712603,0.483444593917636,0.12212213353012447,27.156892776489258
147,16.476834709756076,1,31,0.0009256955154162694,0.4810273709480478,0.14685103345301845,27.25424838066101
148,19.92165628480143,1,47,0.008914058297305967,0.47862223409330756,0.10741687570005021,27.409400701522827
149,17.654767659085337,1,28,0.00260799198152864,0.47622912292284103,0.10851459577679634,27.498762607574463
150,15.728341931197791,1,51,0.023744681334978535,0.4738479773082268,0.10871705453039385,27.658178567886353
151,8.679664459824561,1,31,0.025737567158776176,0.47147873742168567,0.1512494961460752,27.759236097335815
152,15.273709527496248,1,39,0.024249227632622383,0.46912134373457726,0.11290162433989537,27.894587993621826
153,20.527977482927962,1,40,0.002115836696963358,0.46677573701590436,0.1073803042061627,28.020873546600342
154,9.206620268744881,1,32,0.0009597540567298779,0.46444185833082485,0.13794952852185816,28.13145685195923
155,9.313627754175103,1,38,0.0019859586050275935,0.46211964903917074,0.13792109788444482,28.254294395446777
156,17.886235637567005,1,8,0.0016743090317536576,0.4598090507939749,0.13983485521748662,28.2796893119812
157,17.131562707643024,1,16,0.005601820185448116,0.457510005540005,0.15822093654423952,28.335674047470093
158,13.914429535996168,1,23,0.007164308190494295,0.45522245551230495,0.11652089185688806,28.41201114654541
159,18.53934118601028,1,53,0.005719618831777407,0.4529463432347434,0.1495082821907862,28.58404231071472
160,17.21095497040078,1,12,0.007810505477843344,0.4506816115185697,0.11660128257547815,28.622262716293335
161,15.643632153118961,1,26,0.03304173201668381,0.4484282034609769,0.15802681095038468,28.711406230926514
162,10.534364394028671,1,26,0.008635428184003313,0.446186062443672,0.11912426717865926,28.796098947525024
163,17.625133899971843,1,8,0.004587627595305496,0.4439551321314536,0.0894668372347951,28.821134567260742
164,16.279812385234983,1,17,0.006089346274027796,0.4417353564707963,0.11698743547586833,28.873456239700317
165,16.135375190505144,1,18,3.960656255902473e-05,0.43952667968844233,0.1140441848999924,28.93187975883484
166,8.802922089584172,1,28,0.00460384809035741,0.43732904629000013,0.1611369757780007,29.018681287765503
167,19.39239550139755,1,27,0.007140643482415207,0.4351424010585501,0.15693992831640774,29.11180806159973
168,17.14852069504559,1,13,0.010668198650143595,0.43296668905325736,0.14322137932937878,29.15092968940735
169,12.983225905930158,1,27,0.002620685576413706,0.43080185560799106,0.13626974552041954,29.237465620040894
170,9.093344202963635,1,32,0.0028085822751307,0.4286478463299511,0.1294549671583809,29.33363914489746
171,18.384728102292865,1,18,0.034614712610540666,0.42650460709830135,0.1287288111117151,29.3956298828125
172,10.308010824024677,1,40,0.027720839826391064,0.42437208406280985,0.12062115920707583,29.512328386306763
173,17.57654110393487,1,9,0.015499365801244079,0.4222502236424958,0.11821320901314418,29.541356086730957
174,6.4727139686350705,1,45,0.0005116131675404478,0.42013897252428334,0.14614317562017176,29.68849205970764
175,18.575092502031474,1,23,0.015285646092531802,0.4180382776616619,0.11390694522339365,29.764274835586548
176,21.15852238961961,1,17,0.006237086395063499,0.4159480862733536,0.1309415668468265,29.81889772415161
177,16.9281112304423,1,56,0.006858598889426526,0.41386834584198684,0.13471509110448615,29.987667083740234
178,19.006644747033715,1,25,0.007717722464148091,0.4117990041127769,0.13249240957200528,30.06558632850647
179,17.755202867346817,1,8,0.005433713065219413,0.40974000909221303,0.08382816798985004,30.08919358253479
180,12.710858364589512,1,25,0.014059877932709575,0.40769130904675194,0.13484334014356136,30.16406750679016
181,16.56657333280891,1,14,0.021843190699461168,0.40565285250151817,0.14035369934780256,30.209156036376953
182,17.372529450897126,1,10,0.038349228387521236,0.4036245882390106,0.14868132267147302,30.24520206451416
183,16.703687672084197,1,15,0.017930910770429825,0.4016064652978155,0.10577607986827692,30.29013752937317
184,7.554104865086264,1,31,0.005229805919328978,0.3995984329713264,0.12423311846871529,30.385193586349487
185,21.760577187454327,1,32,0.004360418075924688,0.3976004408064698,0.1278644145349972,30.48373031616211
186,16.86604554220103,1,14,0.015041189301367663,0.39561243860243744,0.10259657047156777,30.528268098831177
187,19.56833857805468,1,19,0.00606283247725381,0.3936343764094253,0.13582831660383626,30.589879035949707
188,12.539900375949218,1,27,0.003072088813996454,0.39166620452737816,0.1530611089396256,30.678980827331543
189,1.652559291210487,1,38,0.00415064574874946,0.3897078735047413,0.1454482429513806,30.803893089294434
190,15.31896629189141,1,17,0.0016471797248634457,0.3877593341372176,0.12658443301916122,30.859389066696167
191,13.610531720216386,1,23,0.013987664192455784,0.3858205374665315,0.12105455889326075,30.93717050552368
192,13.69416915861657,1,33,0.0007214118149743154,0.38389143477919885,0.16016929562796245,31.05012559890747
193,15.329070660937578,1,38,0.024632673101020797,0.3819719776053028,0.1538759336659783,31.17519235610962
194,11.795331709668972,1,25,0.008737616911573265,0.3800621177172763,0.16932491086423396,31.25152277946472
195,11.660277147823944,1,24,0.014657119117897577,0.37816180712868996,0.15252449021985134,31.328996896743774
196,15.60898362789303,1,18,0.01340543522677573,0.37627099809304654,0.1647184117593699,31.38335609436035
197,14.384954115087748,1,20,8.985689679807951e-05,0.3743896431025813,0.1488589994609356,31.448596954345703
198,17.083406175184063,1,23,0.0011527413603097947,0.37251769488706843,0.16967239781566287,31.53095841407776
199,12.026388835092076,1,23,0.001179397326207865,0.3706551064126331,0.13997686273701812,31.611170291900635
200,16.038229740411044,1,17,0.012783557090265685,0.36880183088056995,0.09136107991285183,31.663094758987427
201,17.74887871935498,1,8,0.019956525593280462,0.3669578217261671,0.1403837981633842,31.68936276435852
202,17.312083258805796,1,11,0.004989431591803609,0.36512303261753626,0.09660366482355377,31.727351665496826
203,19.94986434841412,1,17,0.002553586125250293,0.3632974174544486,0.15060587731354377,31.78139591217041
204,21.799336315412074,1,45,0.006227356519714955,0.3614809303671764,0.15173158860868877,31.923702001571655
205,9.973332940763793,1,38,0.0018655393942587084,0.3596735257153405,0.14349388541947855,32.0472948551178
206,10.850634941011958,1,23,0.006227970829006058,0.3578751580867638,0.16478754741990048,32.12913250923157
207,11.723354789614678,1,23,0.027213966849609306,0.35608578229633,0.15681411131568576,32.22645354270935
208,18.425784635148013,1,20,0.0028703666409977124,0.3543053533848483,0.15983781842514871,32.290876626968384
209,16.833978860173374,1,14,0.023504156492549444,0.35253382661792404,0.14853441608803614,32.33952593803406
210,17.53219707706012,1,10,0.0023948982695543852,0.3507711574848344,0.12651831079274417,32.37218713760376
211,15.248422711109741,1,18,0.002099596260229597,0.34901730169741024,0.14320943473527828,32.435134172439575
212,22.821718874192445,1,21,0.003942592080249514,0.3472722151889232,0.15882441632094838,32.496989727020264
213,17.881534358870702,1,8,0.0010059624578308592,0.3455358541129786,0.1343026696704328,32.524277687072754
214,13.609447240456939,1,21,0.008523089292102326,0.3438081748424137,0.18014375856589704,32.59348821640015
215,15.352392082801089,1,18,0.007619905196056986,0.3420891339682016,0.13195668895625406,32.65639567375183
216,16.492102710530162,1,15,0.007451010580313611,0.3403786882983606,0.17090107003847757,32.70906591415405
217,16.99508892726153,1,13,0.023701337649839477,0.3386767948568688,0.15584281488106802,32.749842166900635
218,17.83990767165087,1,8,0.0017349955558846261,0.33698341088258443,0.14379769330844283,32.77739477157593
219,13.957577320933343,1,35,0.0204762920725452,0.3352984938281715,0.11631885474281652,32.897703886032104
220,17.609954702688263,1,8,6.523991869037196e-05,0.33362200135903064,0.15523919160477817,32.92072296142578
221,15.507831012184033,1,30,0.004132883597219195,0.33195389135223546,0.15388726095358532,33.018826723098755
222,17.022851441800594,1,13,0.002073781191789331,0.3302941218954743,0.14496306430261868,33.05614471435547
223,19.739181239897153,1,44,0.016958991581936367,0.32864265128599696,0.15381900254975667,33.190454959869385
224,17.21541343455901,1,13,0.005582946011920831,0.326999438029567,0.13506007910921022,33.22911858558655
225,15.779798655374908,1,25,0.011344906249168174,0.3253644408394192,0.1885044988244772,33.31572127342224
226,14.011731183109804,1,19,0.01075518300926892,0.3237376186352221,0.19272762517395772,33.372554302215576
227,17.392847567319404,1,13,0.004991561889879065,0.322118930542046,0.19055154633063537,33.41469478607178
228,10.665752404741943,1,26,0.02147813360429973,0.32050833588933575,0.15161382865447265,33.506848096847534
229,16.744359412323682,1,14,0.01839152953467188,0.31890579420988907,0.15039701773119823,33.56125450134277
230,15.434959168871863,1,27,0.016925619927891544,0.3173112652388396,0.1840090154911633,33.6445426940918
231,16.47048447517445,1,15,0.03629056846120568,0.3157247089126454,0.19711854085326194,33.689834117889404
232,6.866752405092119,1,35,0.011602571180124643,0.3141460853680822,0.15759345921022552,33.81241273880005
233,11.749351176759228,1,26,0.0047877250558591156,0.3125753549412418,0.16982536848921043,33.90510559082031
234,9.561741425748915,1,25,0.024739621712114968,0.31101247816653554,0.1927416618913412,33.98958778381348
235,15.728742283023895,1,18,0.010603120565298718,0.30945741577570285,0.14858491946425703,34.05024337768555
236,9.222770316235255,1,35,0.012395126159271741,0.3079101286968243,0.16488874150174004,34.168798208236694
237,11.547203753795474,1,26,0.007306431906847433,0.3063705780533402,0.15581902159521213,34.2537157535553
238,19.48215979108354,1,26,0.0004769665679085766,0.30483872516307353,0.173070681711229,34.344433307647705
239,1.6972391590476015,1,37,0.02144354767286838,0.3033145315372582,0.18661017927366333,34.469412326812744
240,7.95844303586964,1,29,0.001227997969039385,0.3017979588795719,0.1649039442940005,34.558491468429565
241,16.30091807860881,1,16,0.015956968632738933,0.30028896908517405,0.21447074238676578,34.61478281021118
242,17.290687061008065,1,11,0.005355834370927695,0.2987875242397482,0.1994277567348697,34.64811420440674
243,16.4306231434457,1,15,0.00573148069119267,0.29729358661854943,0.137404748549064,34.699591636657715
244,15.510334187179978,1,17,0.014542918400131333,0.29580711868545667,0.1705646764706163,34.75375032424927
245,23.511856429581528,1,34,0.012489552958713873,0.2943280830920294,0.22418163355220766,34.87915062904358
246,14.816534631955438,1,40,0.01657832894097444,0.29285644267656924,0.1808672327082604,35.008081674575806
247,14.949661603756248,1,18,0.006650402288722546,0.2913921604631864,0.18802071259253555,35.069655656814575
248,15.040719127794727,1,19,0.0019672224480593026,0.28993519966087045,0.22797059032477832,35.136977672576904
249,11.273565743491053,1,27,0.003818887692434103,0.2884855236625661,0.17107952869048826,35.234225034713745
250,14.283562762616203,1,20,0.0010006168866425469,0.28704309604425327,0.18491484299302102,35.302074909210205
251,14.965643758501392,1,19,0.018939208031058696,0.285607880564032,0.17797783987694665,35.37435865402222
252,15.100350761058507,1,19,0.005903042758021726,0.28417984116121187,0.17662563900414266,35.42879390716553
253,8.996805122261867,1,25,0.00541473676538784,0.2827589419554058,0.1561939502507448,35.50399851799011
254,16.9795953896828,1,13,0.03694627493285124,0.28134514724562876,0.17975285534675306,35.549434423446655
255,15.394948676566127,1,19,0.00947948821936384,0.2799384215094006,0.16784854478349812,35.60437035560608
256,17.31119902660139,1,12,0.0028557692805246115,0.27853872940185365,0.1929756604755918,35.64453935623169
257,7.328293540701271,1,29,0.0016106139382859874,0.27714603575484437,0.19559609787217502,35.743019104003906
258,13.159795483644121,1,20,0.0006293111171518095,0.2757603055760701,0.1729062012396753,35.80549764633179
259,10.26621611090377,1,28,0.008481774192550584,0.2743815040481898,0.21521326433867216,35.89719033241272
260,17.438095789123324,1,11,0.006750916592413794,0.2730095965279488,0.1814964577894319,35.930726528167725
261,14.25356649068417,1,19,0.004579169293439045,0.27164454854530906,0.17552260132996658,35.99858069419861
262,16.63937957729213,1,16,0.003600546444052083,0.2702863258025825,0.1828943775035441,36.053160667419434
263,12.636382720433176,1,26,0.005229723884379811,0.2689348941735696,0.18244292909422746,36.14338779449463
264,16.43848440889269,1,15,0.013564636755884096,0.26759021970270175,0.18521248375376065,36.19267797470093
265,17.57947641313076,1,12,0.0014548010880707646,0.2662522686041882,0.16600195551291108,36.23103666305542
266,11.910319649218582,1,24,0.0022789756562069385,0.2649210072611673,0.15948587617216012,36.303099632263184
267,10.49047722349933,1,26,0.001787595205788084,0.26359640222486147,0.20748237835673186,36.391525745391846
268,16.47002999635879,1,15,0.0012847798504226349,0.26227842021373715,0.19412936121225358,36.43737435340881
269,15.909361759666353,1,24,0.004924515016985709,0.2609670281126685,0.20307488491137823,36.513789892196655
270,17.196357809961775,1,25,0.001659570815569389,0.25966219297210513,0.1705349848419428,36.598493576049805
271,17.140710946405306,1,13,0.0029734991196657123,0.2583638820072446,0.20058620119324097,36.64256453514099
272,11.120812459843274,1,31,0.0011963320608128214,0.2570720625972084,0.16809503265446232,36.74624037742615
273,10.346359606278202,1,24,0.0064111528827235365,0.25578670228422234,0.1970052127726376,36.823962688446045
274,17.740486541949213,1,8,0.013817536796334752,0.25450776877280124,0.10495219915173948,36.84776759147644
275,17.809934517508374,1,8,0.014003319640815581,0.2532352299289372,0.17672124621458352,36.872660398483276
276,16.40214533591643,1,16,0.008964539461221221,0.2519690537792925,0.2316576950252056,36.92312216758728
277,11.65537271740177,1,23,0.015531105457642358,0.2507092085103961,0.17139919085995012,37.001015424728394
278,17.145988097705413,1,13,0.010071920545914326,0.2494556624678441,0.2820697521361021,37.04817318916321
279,17.730383324960712,1,8,0.0006934507264768578,0.24820838415550486,0.1536250882782042,37.0775887966156
280,15.030222165165469,1,18,0.0035644042997144965,0.24696734223472733,0.11282652740677197,37.133217573165894
281,16.646783443912863,1,15,0.004441106288974345,0.2457325055235537,0.15430452538033326,37.18882989883423
282,17.01082983855158,1,14,0.0018052374929349302,0.24450384299593592,0.17197592622999633,37.234636068344116
283,17.744403443625195,1,9,0.0026611413833215886,0.24328132378095624,0.21619312982592317,37.26682734489441
284,16.391790154145564,1,15,0.003942725570449779,0.24206491716205145,0.17474336785574754,37.311378717422485
285,14.863481459766625,1,18,0.027270377541975754,0.2408545925762412,0.26661227064000237,37.36405920982361
286,13.619640642998274,1,20,0.03016438095282281,0.23965031961336,0.16622698847204448,37.42678880691528
287,15.347249208251014,1,18,0.008847893723362255,0.2384520680152932,0.22990740194088882,37.481711626052856
288,17.74970477872994,1,8,0.020243323645360144,0.23725980767521673,0.1570157438982278,37.50980281829834
289,14.656319561839336,1,19,0.009039201279331444,0.23607350863684065,0.15000473737324538,37.576788663864136
290,17.517330785933883,1,11,0.008569397997590517,0.23489314109365644,0.1581822411919182,37.61265277862549
291,15.604454340878874,1,22,0.006750296634996156,0.23371867538818816,0.19280076890506528,37.68143701553345
292,17.2314494789578,1,13,0.00600676531687469,0.23255008201124722,0.20171251606482726,37.725056648254395
293,17.087696878485986,1,13,0.008955558360582289,0.231387331601191,0.16788972384081438,37.772292613983154
294,10.24206781790126,1,26,0.01014716214528677,0.23023039494318503,0.17118050523388845,37.85723161697388
295,17.618791502749083,1,11,0.00675123031390934,0.2290792429684691,0.21545925330032,37.900041580200195
296,15.55727843577042,1,18,0.0047340052000543476,0.22793384675362674,0.18241604469302627,37.95714974403381
297,15.368597352225333,1,18,0.009015249151076155,0.22679417751985861,0.13905899899287355,38.01905798912048
298,17.106733414466724,1,13,0.006425954356095082,0.22566020663225933,0.1846882223796386,38.06053638458252
299,11.788478408032097,1,23,0.010086888173605368,0.22453190559909803,0.2585861253673616,38.13208484649658
300,16.50122932193335,1,15,0.005030891490256095,0.22340924607110255,0.1604635488241911,38.177709341049194
301,17.622428283200133,1,8,0.014947650207198883,0.22229219984074702,0.11704878020100296,38.20299577713013
302,16.57301029849332,1,23,0.0012021411417704186,0.2211807388415433,0.20071854822985505,38.283299684524536
303,12.630657922543469,1,24,0.003562600755369072,0.22007483514733558,0.18317623793457946,38.3570191860199
304,15.290239987976385,1,28,0.0034590584264021507,0.2189744609715989,0.16432026028633118,38.44645309448242
305,11.846190835209562,1,25,0.0067667944687817005,0.2178795886667409,0.1996929879486561,38.52694582939148
306,15.05576077341102,1,17,0.0026843157268742757,0.2167901907234072,0.1770714668228346,38.58330035209656
307,16.995409900415687,1,13,0.022802881614761947,0.21570623976979014,0.18493865201106438,38.62429094314575
308,16.39377193506807,1,15,0.025787951677375798,0.21462770857094118,0.19827089806397755,38.67165493965149
309,21.456165408913513,1,20,0.0008839291069497046,0.21355457002808648,0.2056511209346354,38.73257350921631
310,13.920015414617955,1,20,0.0036510702993948208,0.21248679717794605,0.18308473024517297,38.83758783340454
311,17.347101916192333,1,12,0.004586332538415727,0.21142436319205632,0.21149179711937904,38.89022707939148
312,17.239441765565424,1,12,0.0006967557164573313,0.21036724137609603,0.2330806963145733,38.93022155761719
313,16.558791851694693,1,15,0.011009297021629949,0.20931540516921554,0.17484966330230237,38.97823190689087
314,16.775271463449464,1,15,0.000205426021522348,0.20826882814336947,0.18208559602499008,39.03209614753723
315,17.544346985500304,1,8,0.01519304741522319,0.20722748400265262,0.2458825521171093,39.0566565990448
316,17.666995576175395,1,8,0.0006747705149537306,0.20619134658263935,0.1999620678834617,39.08342885971069
317,17.583263524621724,1,8,0.003829106679409177,0.20516038984972615,0.19132084865123034,39.11158847808838
318,14.479588760528713,1,19,0.024154523995557287,0.2041345879004775,0.23829357012322075,39.17262125015259
319,14.851698840642348,1,20,0.007400173182518122,0.2031139149609751,0.1732580323703587,39.23547387123108
320,11.537116397870705,1,23,0.005783684307898773,0.20209834538617025,0.14658773998203484,39.305601358413696
321,12.703877010475845,1,23,0.006636402391389962,0.2010878536592394,0.1699371972809667,39.37478470802307
322,20.332665940270815,1,13,0.006171826955142728,0.2000824143909432,0.19156021925692374,39.4149227142334
323,17.577412854591966,1,8,0.00018864828057229936,0.19908200231898848,0.2360329325310886,39.44158315658569
324,11.637238273816182,1,25,0.0022215217147291133,0.19808659230739353,0.14715369910001755,39.51863980293274
325,15.990814357099588,1,16,0.022643435204322215,0.19709615934585656,0.24832588294520974,39.568453311920166
326,16.78998791286722,1,14,0.006394231833676434,0.19611067854912728,0.19821006086255824,39.615172147750854
327,18.264819316845387,1,25,0.008608805867079072,0.19513012515638165,0.20436542138457298,39.69839930534363
328,17.47363031664863,1,9,0.012467859114143498,0.19415447453059972,0.21363071352243423,39.73395872116089
329,9.074328829604202,1,30,0.022369845368595653,0.19318370215794672,0.19239600325624148,39.84313678741455
330,14.365653382032178,1,19,0.011260531566952503,0.192217783647157,0.18980111544461628,39.90706968307495
331,17.56837804542156,1,12,0.00820909792409881,0.1912566947289212,0.16870315202201405,39.954445362091064
332,16.277622005250304,1,16,0.0061724316572780435,0.1903004112552766,0.13487957755569369,40.00359582901001
333,15.115916639356874,1,18,0.01190675498771221,0.18934890919900021,0.1730565479439166,40.06690311431885
334,17.799593025445937,1,8,0.013278824969392856,0.18840216465300522,0.16192873800173402,40.09705567359924
335,16.87990423317533,1,13,0.01312880084728843,0.18746015382974018,0.15003687788087589,40.14246892929077
336,16.161024530231952,1,18,0.005990157684778535,0.1865228530605915,0.21026368045972454,40.19934964179993
337,13.369222243037076,1,23,0.013192331917660893,0.18559023879528855,0.18124198808294276,40.27459096908569
338,9.169544651545586,1,26,0.009119682404099994,0.1846622876013121,0.19215164756259093,40.35562539100647
339,12.423558443537331,1,22,0.022606998805845047,0.18373897616330553,0.16808188130909746,40.4208505153656
340,16.31492244837573,1,18,0.0032058505799800185,0.182820281282489,0.21270598595341048,40.474567890167236
341,12.050908929633442,1,22,0.03689750799946723,0.18190617987607657,0.18345568447627805,40.55109882354736
342,13.67017077403143,1,20,0.005606330405855564,0.18099664897669618,0.17739318003877996,40.61709785461426
343,10.618259590823437,1,25,0.0038814573652798945,0.1800916657318127,0.18939185991883278,40.702364444732666
344,11.383673986187205,1,24,0.002998145858564172,0.17919120740315364,0.15055884956382215,40.78858494758606
345,15.31847495973343,1,18,0.005032317774491368,0.17829525136613786,0.19240471410254636,40.84594988822937
346,16.29275720291771,1,16,0.0017172866780206797,0.17740377510930716,0.16072433488443494,40.89886426925659
347,14.086240939702838,1,20,0.0014317797231638285,0.17651675623376062,0.19460000386461615,40.969104528427124
348,17.50364499965217,1,11,0.005569777583054256,0.1756341724525918,0.20206469737670638,41.00502395629883
349,18.33753065969795,1,19,0.004821834376677769,0.17475600159032884,0.20495037156108178,41.065929651260376
350,14.971169828432174,1,18,0.005400053251425452,0.17388222158237718,0.21290580721365082,41.13062334060669
351,12.539032466057689,1,20,0.003749571046363198,0.1730128104744653,0.17176773082464933,41.20300769805908
352,17.08860510280356,1,14,0.0044862696523471635,0.17214774642209296,0.17631002635295903,41.24817371368408
353,14.995217905985191,1,18,0.006337700153585812,0.1712870076899825,0.22361798274020353,41.30684185028076
354,17.188713940046725,1,13,0.0010477665581437035,0.17043057265153258,0.19606680193772683,41.34566831588745
355,16.9610718499287,1,14,0.006173984206720995,0.16957841978827493,0.21998484139995916,41.39295029640198
356,10.398134707566351,1,24,0.02380671586149352,0.16873052768933355,0.16360342929450175,41.468907833099365
357,15.906926763569935,1,17,0.009368855534300391,0.1678868750508869,0.20624615646460476,41.53195786476135
358,16.43669156609103,1,15,0.00797396596589689,0.16704744067563246,0.11201438282926877,41.58300185203552
359,13.929546640347688,1,19,0.014495434671902951,0.1662122034722543,0.19109467720906986,41.64163613319397
360,13.935273007431533,1,20,0.003996150576984547,0.16538114245489302,0.14522601468488575,41.704105615615845
361,9.710760403986205,1,26,0.006382005633035148,0.16455423674261854,0.19642839795694902,41.79456567764282
362,16.135069108358586,1,22,0.00910807660495383,0.16373146555890544,0.1609512593766505,41.867061376571655
363,14.008682482596486,1,20,0.028454761607961343,0.16291280823111093,0.13074657078832388,41.93077564239502
364,14.49890006929636,1,20,0.004222385545237406,0.16209824418995536,0.1707011760212481,41.9967679977417
365,16.324757141742158,1,15,0.0005292814528283785,0.16128775296900558,0.14437381811439992,42.04348921775818
366,11.616199746000348,1,25,0.020885977839020242,0.16048131420416054,0.1520837178081274,42.11914920806885
367,13.967064652312546,1,19,0.005863875065459934,0.15967890763313974,0.16326816556485077,42.177319049835205
368,11.153745062928646,1,23,0.004002620467159712,0.15888051309497406,0.20016233963163002,42.246551513671875
369,16.203043683967554,1,16,0.00950594333132393,0.1580861105294992,0.17736928653903306,42.29964089393616
370,15.860770575818606,1,17,0.0011528602999514859,0.1572956799768517,0.1431028483545079,42.367388010025024
371,16.493154959846287,1,16,0.0043004438690309454,0.15650920157696743,0.17452874092850834,42.42810678482056
372,16.23750650123693,1,15,0.006071418253156324,0.1557266555690826,0.15010603641470274,42.481422662734985
373,13.397732965974136,1,20,0.007003448861852224,0.1549480222912372,0.21099704056978225,42.546305418014526
374,13.712712048040704,1,21,0.0016108550017733814,0.15417328217978102,0.14274332787664162,42.61566781997681
375,12.845945923868566,1,22,0.004647442714958094,0.1534024157688821,0.21876864490861242,42.678491830825806
376,16.6841877710307,1,15,0.0035759293399235392,0.1526354036900377,0.17336745659510294,42.72647047042847
377,14.393515999196097,1,19,0.01293408875951152,0.1518722266715875,0.23266306990071348,42.785385608673096
378,7.561698937969049,1,28,0.008139114412154869,0.15111286553822956,0.20609442377462983,42.881086587905884
379,13.9485311309807,1,19,0.009792081253196416,0.15035730121053842,0.17677482972411732,42.94936418533325
380,12.658141895735753,1,21,0.014268755744795136,0.14960551470448571,0.19053461943708716,43.01738429069519
381,17.526684862561524,1,10,0.00788041086818038,0.14885748713096328,0.13914112634956838,43.049527406692505
382,15.476374334008142,1,18,0.007545297414327634,0.14811319969530845,0.14191294161395895,43.105791330337524
383,14.743963716551661,1,19,0.00418251933324526,0.1473726336968319,0.2128618919339619,43.17152667045593
384,17.775662353506778,1,8,0.0009445779591474367,0.14663577052834775,0.1557717565447092,43.197296142578125
385,15.073481922782957,1,18,0.022257497978637297,0.14590259167570602,0.1594060618016455,43.25116753578186
386,15.9756739787641,1,17,0.0069113287047049,0.1451730787173275,0.2615396281813874,43.30351662635803
387,13.535226945846807,1,20,0.00017763796265957144,0.14444721332374086,0.19330717725679278,43.36969614028931
388,9.450535907479933,1,27,0.008654385993952074,0.14372497725712216,0.19186299211449093,43.45402455329895
389,13.748741846671328,1,21,0.010803569836400961,0.14300635237083656,0.17615008549321265,43.526731967926025
390,11.798239025846124,1,22,0.0025502880262336936,0.14229132060898236,0.1683215651322495,43.594151973724365
391,23.751262607891114,1,21,0.010095273842247343,0.14157986400593744,0.2022320684932527,43.66577482223511
392,11.522191803948953,1,23,0.017050967254043536,0.14087196468590776,0.182844753012709,43.749505281448364
393,17.57838784768246,1,13,0.0017161506033720464,0.14016760486247823,0.252170827669593,43.788082122802734
394,8.26852979666728,1,26,0.00016834715908908837,0.13946676683816583,0.2138719170425947,43.86757755279541
395,16.867126667755656,1,14,0.000603405427490572,0.138769433003975,0.1830926855493869,43.9142279624939
396,16.569162327954835,1,16,3.1943365823711156e-05,0.13807558583895513,0.15898595622275025,43.96600389480591
397,11.643763306550682,1,22,0.0058825644321049975,0.13738520790976036,0.19845672129568728,44.04324221611023
398,15.588646028097719,1,17,0.004041022779380565,0.13669828187021155,0.18082214431727633,44.10325002670288
399,10.228609169716947,1,23,0.006093695928952814,0.13601479046086049,0.24787746790958487,44.184091329574585
400,17.18892995194765,1,14,0.000804692194211698,0.1353347165085562,0.22805908960955484,44.227235078811646
401,10.16463832766749,1,25,0.0027666904606722387,0.1346580429260134,0.17465707175433637,44.308356285095215
402,14.504226413741709,1,18,0.02142359086579393,0.13398475271138335,0.2139370512838165,44.360355615615845
403,7.850776391988619,1,28,0.00637251619882695,0.13331482894782642,0.19102961530110665,44.44793200492859
404,15.014671417232602,1,18,0.016969023340767386,0.13264825480308728,0.2308571675999297,44.502230644226074
405,15.282291611563414,1,18,0.004292191975185877,0.13198501352907185,0.17765347628543773,44.563754081726074
406,17.737303680344485,1,8,0.0010916209800965644,0.1313250884614265,0.12514726351946592,44.59022521972656
407,16.429551095538773,1,15,0.0006388296550154382,0.13066846301911936,0.16310275644063948,44.635493516922
408,13.51816534898244,1,26,0.0004050332974040449,0.13001512070402377,0.18994780357640523,44.722407579422
409,14.865146408020518,1,18,0.014709812758430807,0.12936504510050365,0.17049343190673324,44.779435873031616
410,16.383393312746193,1,18,0.010073479644663264,0.12871821987500112,0.23787545930180284,44.84180450439453
411,11.57933182361303,1,23,0.003102204580189505,0.12807462877562611,0.17865434402356978,44.924742698669434
412,11.109736447595061,1,25,0.0032605066877735567,0.12743425563174798,0.20213290244340898,45.006004095077515
413,12.081275000423194,1,22,0.007996120326005496,0.12679708435358925,0.20842997568913482,45.07901191711426
414,12.866611048765481,1,20,0.008293773828128459,0.1261630989318213,0.1766932255588472,45.13675832748413
415,17.65002839729423,1,10,0.0007326319196549053,0.1255322834371622,0.14589450620114802,45.168862104415894
416,16.23535999604501,1,16,0.004841363125258569,0.12490462201997637,0.1577433164929971,45.224101066589355
417,17.296343723259632,1,13,0.0018053144931973741,0.1242800989098765,0.18188551197258326,45.26396822929382
418,14.035713536280674,1,20,0.007115406257913404,0.12365869841532712,0.1769195508211851,45.33358812332153
419,12.930792985484004,1,23,0.007837112672588686,0.12304040492325048,0.2444293338643468,45.41417860984802
420,13.218204208149109,1,22,0.00016841678102286206,0.12242520289863423,0.19561660603027453,45.48063540458679
421,17.558105482533573,1,8,0.00678756804687854,0.12181307688414106,0.14992761216126382,45.507543325424194
422,17.308517469395884,1,13,0.0039006195346135697,0.12120401149972035,0.17317395514020553,45.55246615409851
423,12.43621964440681,1,23,0.0015021790982544525,0.12059799144222175,0.17063795977636523,45.625892877578735
424,16.50740199678112,1,15,0.00108894395582243,0.11999500148501063,0.15245747243364652,45.67919635772705
425,12.182967478805223,1,22,0.0071822361510680555,0.11939502647758558,0.19009787386113947,45.75864267349243
426,11.264843776146881,1,23,0.0034079433010909543,0.11879805134519765,0.15785324427744615,45.826119899749756
427,15.57953103716136,1,16,0.0012739043104173509,0.11820406108847166,0.163968461798504,45.87693691253662
428,14.855367736867628,1,20,0.0019276273688044743,0.1176130407830293,0.19426568131893873,45.93793487548828
429,17.753606128832324,1,10,0.0014966722115790643,0.11702497557911415,0.13910180255770682,45.96948456764221
430,11.539330611806326,1,22,1.5223436206412977e-05,0.11643985070121858,0.15656381227414717,46.03945732116699
431,17.415120228519662,1,9,0.0034322320768564174,0.11585765144771248,0.1865781330400043,46.073514461517334
432,17.589059193071442,1,8,0.0008711660115269977,0.11527836319047392,0.17208440089598298,46.09684491157532
433,12.14622808554268,1,22,0.013755853809307994,0.11470197137452155,0.1914066749370911,46.168978691101074
434,13.211206184583716,1,22,0.004863534586758145,0.11412846151764894,0.14928899028084494,46.237974882125854
435,12.825572072062641,1,22,0.008586414642973605,0.1135578192100607,0.20445917970077557,46.31926393508911
436,17.588121709501138,1,10,0.0009813247740995956,0.11299003011401039,0.16123065538704395,46.34935665130615
437,14.79318999494426,1,18,0.004640067656199565,0.11242507996344034,0.25359541664106977,46.40324068069458
438,11.645079104718752,1,24,0.0013583965768874107,0.11186295456362313,0.2048018459851543,46.48686456680298
439,16.850781962834297,1,14,0.003498817009147226,0.11130363979080501,0.23736591530697687,46.53334951400757
440,14.434771534428,1,18,0.01359618599376372,0.11074712159185099,0.17251583116336,46.59428954124451
441,15.831168592069298,1,17,0.004827641390805715,0.11019338598389174,0.18381459945264986,46.64867854118347
442,17.264965362357906,1,12,0.0025283230347743907,0.10964241905397228,0.11842094889531533,46.69057774543762
443,17.41962908032583,1,11,0.004514899611274492,0.10909420695870241,0.23127323389053345,46.72637987136841
444,17.509888535737993,1,8,0.014234512571594807,0.1085487359239089,0.1489299873355776,46.75187397003174
445,13.682331398350652,1,19,0.0004572598036194364,0.10800599224428936,0.2113434582164413,46.81352639198303
446,26.168783363723193,1,29,0.0024299309632463684,0.10746596228306791,0.20665749541387476,46.90930199623108
447,9.563391492277152,1,25,0.0016464406000964438,0.10692863247165257,0.19998271234333515,46.99640250205994
448,14.289755105084623,1,20,0.006454371803995773,0.1063939893092943,0.15384776843711734,47.05582547187805
449,15.261974614486098,1,18,0.005048939108620032,0.10586201936274783,0.25355842150747776,47.11258101463318
450,12.351342214029865,1,22,0.003071088069605321,0.10533270926593409,0.22214680825444785,47.19536066055298
451,16.136032159428577,1,16,0.008589938706210637,0.10480604571960442,0.24693774059414864,47.25016927719116
452,17.103247991844547,1,13,0.0036369447810535305,0.1042820154910064,0.20833647079192674,47.29781889915466
453,15.954407618613914,1,16,0.002940958231961166,0.10376060541355137,0.28951185068581253,47.35283637046814
454,15.978874347754754,1,16,0.007587365256877865,0.1032418023864836,0.24385775672271848,47.40990877151489
455,13.459244507388211,1,21,0.004595667633605194,0.10272559337455119,0.18057830880085626,47.4845814704895
456,10.864732829481364,1,22,0.002093769056186412,0.10221196540767843,0.22568027277223088,47.55227184295654
457,16.912672191951422,1,13,0.023073365281920527,0.10170090558064004,0.19330419456729522,47.592772245407104
458,14.235085057793185,1,20,0.007769438621563984,0.10119240105273684,0.25932382643222807,47.66271257400513
459,10.888355672778562,1,24,0.004085320717071017,0.10068643904747315,0.21724177113113305,47.736905574798584
460,14.790253716212465,1,19,0.00019473125978852757,0.10018300685223579,0.23111387783367382,47.79693007469177
461,14.34404647257179,1,18,0.00667492966665395,0.0996820918179746,0.19420515321609047,47.888585329055786
462,13.028552276059054,1,20,0.001430543637470083,0.09918368135888474,0.20342796947807074,47.94973850250244
463,17.670516749378294,1,8,0.024260895979445404,0.09868776295209031,0.22096121218055487,47.976622104644775
464,15.003479899000375,1,17,0.002568681693283059,0.09819432413732986,0.18329591293107061,48.03118062019348
465,16.730893282406033,1,14,0.03496144382043981,0.09770335251664321,0.16318425176931278,48.07311010360718
466,12.346078050602227,1,22,0.0037827619423844716,0.09721483575406,0.20903752879662948,48.14624500274658
467,17.486592408060098,1,11,0.007974049027216101,0.09672876157528969,0.20556195148012854,48.18552851676941
468,17.821814392568193,1,8,0.008534538174431942,0.09624511776741324,0.24289359897375107,48.213667154312134
469,15.484307849174366,1,17,0.002143086989898735,0.09576389217857617,0.16907662810648189,48.277427196502686
470,11.434657167975091,1,22,0.00026649874593953626,0.09528507271768329,0.20283942466432398,48.34580588340759
471,13.397400702269806,1,22,6.00321613376531e-05,0.09480864735409487,0.1945371234958822,48.42007780075073
472,17.659684658248445,1,10,0.0008456141792002464,0.0943346041173244,0.19598811641335487,48.45270490646362
473,16.660635531554,1,15,0.002583979439737316,0.09386293109673778,0.16073003076016903,48.4989812374115
474,13.529722159868106,1,21,0.00772604197612059,0.09339361644125409,0.20530770603744758,48.56737947463989
475,14.393630688101984,1,19,0.004847012949331653,0.09292664835904782,0.18989687658062107,48.62710762023926
476,11.700285202404483,1,23,0.010331914725975722,0.09246201511725258,0.20028300826316295,48.71451139450073
477,14.027237101364882,1,20,0.002459959833382319,0.09199970504166631,0.16717111952602864,48.78449869155884
478,15.58686498068273,1,18,0.003621445134148249,0.09153970651645797,0.21197079908516672,48.849408864974976
479,17.5120272773318,1,11,0.006801562485647256,0.09108200798387568,0.18310471082275565,48.88514852523804
480,17.446109062386675,1,12,0.0033019597522005173,0.0906265979439563,0.17247811192646623,48.924137115478516
481,17.097794959973545,1,13,0.003353633994983729,0.09017346495423652,0.14123112665346035,48.96726155281067
482,12.046819535933901,1,21,0.002009052362210606,0.08972259762946533,0.1986332635971762,49.04062485694885
483,17.215246641472913,1,12,0.007121485911094988,0.089273984641318,0.20379971076423922,49.083999156951904
484,17.69643945847638,1,9,0.008517179772960654,0.0888276147181114,0.17849359081851113,49.11109662055969
485,15.399178877705708,1,17,0.002454659944011117,0.08838347664452084,0.21595263437313192,49.16582489013672
486,15.091801072953967,1,18,0.006583346237623633,0.08794155926129824,0.15741875943624312,49.22466254234314
487,14.318123610760086,1,20,0.006476225639946986,0.08750185146499175,0.20318109383806587,49.284635066986084
488,17.795226771663874,1,10,0.0028650774575277177,0.08706434220766679,0.22348486259579659,49.31745529174805
489,16.95617815202568,1,14,0.0031119181872609203,0.08662902049662846,0.19412059203854629,49.36163520812988
490,13.658895997458602,1,21,0.018014740794622952,0.08619587539414532,0.15323496955846036,49.42378354072571
491,15.916536766511854,1,16,0.0009020676760023161,0.08576489601717459,0.18825194949749857,49.47892999649048
492,12.360027433000505,1,22,0.0051605215489319844,0.08533607153708872,0.1892771158706058,49.547510623931885
493,13.632427183585241,1,20,0.00439913788294366,0.08490939117940327,0.15517044132575392,49.619606018066406
494,13.97549512090627,1,21,0.004683005895424697,0.08448484422350626,0.2164674677132141,49.679601430892944
495,15.775947173623717,1,16,0.00018383824791773362,0.08406242000238873,0.16715829342138022,49.72979545593262
496,17.347725043608808,1,12,0.0035443306965093346,0.08364210790237678,0.19333132170140743,49.76851844787598
497,14.606570814736187,1,20,0.006112827373024099,0.0832238973628649,0.19176999470219017,49.83485269546509
498,15.851502532605082,1,17,0.002946217135405993,0.08280777787605056,0.19232882219640648,49.89292240142822
499,16.22826879126951,1,16,0.0062302011784184375,0.08239373898667031,0.1621195951011032,49.94085884094238
500,11.510406081056862,1,23,0.00248879825219106,0.08198177029173696,0.21025444445726665,50.01649713516235
501,16.195058177883038,1,15,0.006256363443329749,0.08157186144027828,0.16488028826812903,50.06955695152283
502,17.46231500540307,1,11,0.0030795280958160753,0.0811640021330769,0.23451303148811514,50.10610580444336
503,14.270810302277095,1,19,0.003623157630076146,0.08075818212241151,0.1953254424427685,50.17584466934204
504,13.981278034020214,1,19,0.005818771651297294,0.08035439121179945,0.17745327165252284,50.23453688621521
505,16.584379989060107,1,16,0.0024482335515175757,0.07995261925574046,0.1923675969010219,50.2909893989563
506,12.624345931597054,1,21,0.005983440210130975,0.07955285615946175,0.12842001712747983,50.36457085609436
507,16.8852806931478,1,13,0.0007559590253357618,0.07915509187866444,0.19040440424130514,50.40251636505127
508,17.647734011046122,1,8,0.0017915959941612845,0.07875931641927113,0.20009486097842455,50.42609643936157
509,15.23503183745779,1,18,0.003950383231587862,0.07836551983717477,0.17004625675164992,50.48151755332947
510,14.684708927641623,1,27,0.0016254480215058265,0.07797369223798889,0.1679122056812048,50.56671142578125
511,13.964125563949345,1,20,0.009468588123570876,0.07758382377679894,0.1897506181150675,50.62818098068237
512,14.453892237506807,1,31,0.005780043223539644,0.07719590465791494,0.20299686287199298,50.729331970214844
513,16.048551911721006,1,16,0.007046505073420584,0.07680992513462537,0.16495803010184318,50.77888250350952
514,17.303823325131088,1,12,0.0009683582315429262,0.07642587550895225,0.1445281171860794,50.823810338974
515,16.82162799703074,1,14,0.0006332171415686649,0.07604374613140748,0.1787406111003033,50.86592650413513
516,15.013435596557974,1,18,7.466566515063056e-05,0.07566352740075044,0.13921912976851067,50.92740488052368
517,14.134266783471684,1,20,0.0004963272390012818,0.07528520976374668,0.2222453761845827,50.99107360839844
518,16.947714947676285,1,14,0.0008268653291412797,0.07490878371492794,0.19248824646430357,51.040719509124756
519,15.92440648964839,1,16,0.00041020993432150377,0.0745342397963533,0.23968087509274483,51.093791246414185
520,13.388445108034649,1,20,0.004589770097820578,0.07416156859737154,0.2289817222394049,51.16346192359924
521,13.690242639985808,1,21,0.010615271402947601,0.07379076075438468,0.22715509452280544,51.228095054626465
522,13.995237881317735,1,20,0.004500306078251581,0.07342180695061275,0.19859595820307732,51.2939989566803
523,14.18837626478635,1,19,0.0019328788419413767,0.07305469791585968,0.1911124935079562,51.35208582878113
524,17.839576334669253,1,8,0.0014775933622727666,0.07268942442628039,0.19252135674469173,51.3754985332489
525,13.374804829992353,1,20,0.0069951294916732465,0.07232597730414898,0.19884406169876456,51.44604682922363
526,13.825754674256313,1,19,0.003149576970714496,0.07196434741762824,0.17613426174380278,51.504326581954956
527,13.476191104389727,1,21,0.0029824005218156424,0.0716045256805401,0.1768917373071114,51.56774401664734
528,17.85595071557909,1,8,0.006044839349849682,0.0712465030521374,0.22111236862838268,51.59510350227356
529,10.8328001556627,1,34,0.0015332140756029178,0.0708902705368767,0.18386738780228531,51.70755481719971
530,12.595843473495915,1,21,0.00625211560697958,0.07053581918419231,0.18075438375983918,51.77370023727417
531,17.259528007055632,1,12,0.006489503503578298,0.07018314008827135,0.24057041263828674,51.80924201011658
532,18.153182726586238,1,23,0.01353225459432264,0.06983222438783,0.22448081183044807,51.883455753326416
533,11.267768764484208,1,21,0.006511894661008211,0.06948306326589085,0.18144822085187548,51.94739127159119
534,17.364279112021904,1,12,0.0011793925417316053,0.0691356479495614,0.17691275912026563,51.98675322532654
535,17.37749882731587,1,10,0.0026307531918245836,0.06878996970981359,0.1853631693869829,52.02171754837036
536,11.825566366640851,1,21,0.010082025918956683,0.06844601986126451,0.23895915739593052,52.09750247001648
537,12.012904937952406,1,22,0.003802554261441493,0.06810378976195819,0.20317894474349238,52.168848752975464
538,16.248769038822502,1,15,0.008178812802014879,0.0677632708131484,0.19510528792937595,52.21506476402283
539,14.681302278582006,1,19,0.006579987203540749,0.06742445445908266,0.18940090348846034,52.28265380859375
540,14.330771802645176,1,19,0.008848280336760217,0.06708733218678724,0.1530243081873969,52.34406399726868
541,14.201560856751165,1,19,0.007107453550682985,0.0667518955258533,0.16414164487076432,52.4023642539978
542,17.691675740643404,1,8,0.0006137111663124112,0.06641813604822402,0.2096265978179872,52.42607498168945
543,18.912334984284826,1,20,0.004929699180646896,0.0660860453679829,0.18454995919018985,52.49664783477783
544,16.44033749178634,1,15,0.00044103045868809643,0.06575561514114299,0.18439566679298877,52.55984807014465
545,17.668624379392714,1,9,0.0028760720967210135,0.06542683706543727,0.1450492311269045,52.5969340801239
546,15.999094605300343,1,16,0.0016097188892082448,0.06509970288011008,0.18221899040509015,52.65295457839966
547,20.1301055942924,1,17,0.0010522301364931375,0.06477420436570952,0.16263984801138148,52.70270299911499
548,11.603634474193678,1,22,0.002521606072728888,0.06445033334388098,0.1837810312651775,52.77453279495239
549,11.629611628875136,1,21,0.013469104514009844,0.06412808167716157,0.13726116477378777,52.84822869300842
550,12.615462654200382,1,20,0.010278007359045493,0.06380744126877576,0.15902250371873378,52.917115449905396
551,17.774434787931387,1,8,0.006839051576228487,0.06348840406243188,0.20068829972296953,52.9416241645813
552,17.75259718358284,1,8,0.0006734301274906943,0.06317096204211972,0.20898521784693003,52.96888589859009
553,16.91027861915354,1,13,0.0002692944198572911,0.06285510723190912,0.16515962005807802,53.01849627494812
554,16.99086914723739,1,13,0.0019566882940312003,0.06254083169574957,0.22761034220457077,53.05721402168274
555,14.80465608064551,1,18,0.0009051983889440396,0.062228127537270826,0.18537279611660373,53.11787009239197
556,11.546353521634591,1,23,0.009215155641521755,0.06191698689958447,0.15944039222338927,53.19447684288025
557,13.463677543438099,1,20,0.005712264656745458,0.061607401965086545,0.17172218393534422,53.25325107574463
558,16.529390357318334,1,15,0.009191620977329618,0.06129936495526111,0.19588891776899497,53.298922300338745
559,17.467529722378096,1,12,4.827093226958401e-05,0.0609928681304848,0.20121027839680514,53.33945965766907
560,17.13824691809714,1,13,0.0036195346969887243,0.060687903789832374,0.19043051207867953,53.38275170326233
561,17.654069515899756,1,10,0.0035038558906024114,0.06038446427088321,0.1475975550711155,53.41853427886963
562,17.572071864036843,1,10,0.001557819121052198,0.06008254194952879,0.17980184331536292,53.45378565788269
563,15.954898948315531,1,16,0.010526793568651438,0.05978212923978115,0.19477338949218392,53.50712466239929
564,12.880827254365432,1,21,0.0041884152140134745,0.05948321859358224,0.22071697491975056,53.57282614707947
565,10.898963259812446,1,22,0.0018875040115309272,0.05918580250061433,0.1808228071101687,53.64788889884949
566,11.300641279015691,1,22,0.0038889780669297824,0.058889873488111255,0.21102485390888018,53.71764373779297
567,17.45577031649882,1,12,0.002750654248228346,0.058595424120670696,0.20874586639304957,53.756035804748535
568,10.214995049545541,1,24,0.005107778934884344,0.05830244700006734,0.16978600528091192,53.84316086769104
569,14.274350837897508,1,18,0.005055883434850417,0.058010934765067,0.2119972596151961,53.899484634399414
570,17.00748852599645,1,13,0.019577139537008598,0.05772088009124167,0.1907797366953813,53.94320797920227
571,17.994791564531624,1,8,0.0006510544431135301,0.05743227569078546,0.251163967885077,53.968618392944336
572,9.805861759907566,1,27,0.0056314415562583875,0.05714511431233153,0.1942588344078373,54.06146740913391
573,17.534893229277806,1,11,0.0035643513032007773,0.05685938874076987,0.22842714004218578,54.09570574760437
574,11.965539687668205,1,22,0.007257888165927762,0.056575091797066025,0.21295324797657403,54.167441844940186
575,18.401005561999046,1,20,0.0016528579118293973,0.056292216338080694,0.1813348109833896,54.22781443595886
576,14.935663151321933,1,19,0.0021611034436520016,0.05601075525639029,0.2060757555851811,54.294005393981934
577,12.378235816350207,1,22,0.0036172281920434646,0.05573070148010834,0.1779381214556369,54.362465620040894
578,13.961107708083,1,19,0.0007485364012006501,0.0554520479727078,0.23189395901403928,54.422725439071655
579,14.198048740928062,1,19,0.00424224457971667,0.05517478773284426,0.18150430868722892,54.48721432685852
580,17.09253660941031,1,13,0.004285035706582563,0.05489891379418004,0.13908729802530545,54.52586245536804
581,15.416074627637862,1,18,0.004975300685971629,0.05462441922520914,0.18187581137236622,54.586073875427246
582,13.808325779659206,1,19,0.005790413924210647,0.0543512971290831,0.204247080966046,54.651968479156494
583,10.819227936532116,1,23,0.01206072279606496,0.05407954064343768,0.18852004319753335,54.727705240249634
584,16.26482666321099,1,15,0.0028797332594026614,0.05380914294022049,0.17496637950340907,54.776469230651855
585,15.785678414069116,1,17,0.0029790516096728226,0.05354009722551939,0.1667417016099481,54.82897973060608
586,11.685350387357175,1,22,0.008319213446448481,0.05327239673939179,0.2270194940607656,54.89529061317444
587,15.835713617340662,1,17,0.003443788396199965,0.053006034755694834,0.16412529875250423,54.953107595443726
588,15.449747591745108,1,18,0.002354846787768927,0.052741004581916356,0.20826081910894978,55.01470232009888
589,11.626530466601253,1,23,0.006100756701437393,0.052477299559006776,0.19155922418703203,55.08869218826294
590,16.240574540849774,1,16,0.011582670241364779,0.052214913061211746,0.20132898911833763,55.14209222793579
591,10.853182485094294,1,23,0.010296116825685209,0.05195383849590569,0.17222844809293747,55.22157096862793
592,15.952782271103933,1,17,0.007933219985350126,0.05169406930342616,0.172836306888391,55.277780055999756
593,11.071357931452804,1,23,0.0024280256501048036,0.05143559895690903,0.1788282627644746,55.35376048088074
594,17.596490840031766,1,10,0.0033229816779796056,0.051178420962124486,0.1417680962011218,55.38318657875061
595,16.319554501073434,1,16,0.008653490756364512,0.05092252885731386,0.2273337747901678,55.43585395812988
596,10.687106959591619,1,23,0.0049486893450836344,0.05066791621302729,0.19783593649449555,55.52509117126465
597,16.810129911545665,1,14,0.008417500994067406,0.05041457663196215,0.22365103901496955,55.599613904953
598,11.90213581714779,1,22,0.007128912709794544,0.050162503748802344,0.2176180604675954,55.68290042877197
599,17.576539417309686,1,9,0.020015818089463053,0.05,0.18269886924988693,55.710803270339966
600,15.918445486170821,1,16,0.006760293100670334,0.05,0.22135066520422697,55.763657331466675
601,11.169600024478495,1,24,1.3037273342564326e-05,0.05,0.18841842406739792,55.8414101600647
602,12.34204444923671,1,22,0.0009081134321710094,0.05,0.17134075332432985,55.91569685935974
603,17.246355000050972,1,12,0.0024594162013483467,0.05,0.2385968385885159,55.953500509262085
604,11.831747965468093,1,21,0.0026368255318199862,0.05,0.2394686791868437,56.02081608772278
605,13.005662026442588,1,20,0.0016924360329931831,0.05,0.18660891465842724,56.08509683609009
606,17.877126966798095,1,8,0.0007002273063993723,0.05,0.19417370110750198,56.10846567153931
607,16.07382578009274,1,15,0.0014078246086872692,0.05,0.2352101022998492,56.16342353820801
608,17.6537353255786,1,10,0.0036709535153891387,0.05,0.17672609481960536,56.19273638725281
609,12.50522304852493,1,21,0.01122040205014918,0.05,0.2229504328043688,56.26391053199768
610,12.809176004352047,1,21,0.005514449826184875,0.05,0.19677529430815152,56.33408570289612
611,15.376037386711687,1,17,0.005874772775302073,0.05,0.1938667661126922,56.384098529815674
612,17.277094668569042,1,11,0.014097048894811351,0.05,0.17674226567826487,56.42115092277527
613,15.901264388998971,1,16,0.0057587171261591075,0.05,0.27142230817116797,56.46978306770325
614,11.921754195541144,1,21,0.0044319600539121096,0.05,0.14581216241986977,56.54958724975586
615,13.90900231685955,1,19,0.0009230185403708013,0.05,0.20083676298197947,56.60942459106445
616,15.73092258879915,1,16,0.00100456779826813,0.05,0.21899443038273603,56.665493965148926
617,17.522593519091608,1,11,0.016108415264045897,0.05,0.23473668572577563,56.69868445396423
618,13.96334165506996,1,20,0.0014932737627403325,0.05,0.18492630254477263,56.76442575454712
619,15.386389386572409,1,17,0.004620963704322523,0.05,0.22085691769333446,56.81744575500488
620,13.625230163973175,1,19,0.009059383899538975,0.05,0.18596794848379336,56.88418936729431
621,16.920197354536505,1,13,0.0037974187596454823,0.05,0.17769236733707097,56.92845129966736
622,16.661010160436852,1,14,0.009874143337318286,0.05,0.22642206813075713,56.97541928291321
623,13.74085538862273,1,20,0.014141731655034961,0.05,0.18096376704052092,57.045708417892456
624,16.917004027054645,1,13,0.0012382227439849125,0.05,0.1688383829135161,57.091126680374146
625,15.775943812076001,1,17,0.007341681794234167,0.05,0.13419966301059022,57.14808368682861
626,15.844459832907887,1,16,0.0007802893440295722,0.05,0.19291471655014902,57.19611740112305
627,11.11826626440743,1,23,0.002118547731231102,0.05,0.193558882759965,57.27057147026062
628,10.361635453917552,1,24,0.011920746751380773,0.05,0.24376393187170228,57.346965074539185
629,15.80538640418672,1,17,0.00117747266065793,0.05,0.20053463522344828,57.39869785308838
630,14.990028667403385,1,19,0.003767180401536452,0.05,0.1727291232857265,57.45506548881531
631,17.876559974646078,1,8,0.0035202520318890172,0.05,0.1818269183859229,57.48672866821289
632,16.818967685033567,1,14,0.01302867415478029,0.05,0.17456826847046614,57.5283100605011
633,16.845702783530577,1,15,0.003061239734359039,0.05,0.15959592883785564,57.58584403991699
634,12.597473884812644,1,21,0.005332847341416924,0.05,0.1521483226014035,57.65150713920593
635,11.307346552750095,1,22,0.018616806797634,0.05,0.1878000217574564,57.724770307540894
636,17.678874825127423,1,8,0.011220723143566948,0.05,0.17152540106326342,57.74850082397461
637,16.689027023408563,1,15,0.0035841669497132522,0.05,0.1852664162715276,57.800275802612305
638,15.15481417394476,1,18,0.01079949585155443,0.05,0.18676279485225677,57.867337226867676
639,11.037401477363892,1,23,0.0011070685369546363,0.05,0.21451704398445462,57.948206663131714
640,12.75795213666861,1,21,0.00042236384929150717,0.05,0.1979239738235871,58.02144479751587
641,15.424257329426473,1,18,0.0030479218437025613,0.05,0.15934582551320395,58.082924604415894
642,12.909852900076658,1,21,0.00642390554013883,0.05,0.20216845703266917,58.155619859695435
643,13.754324659798295,1,21,0.0034079404561832005,0.05,0.20827431870358332,58.22568345069885
644,13.926850940356962,1,19,0.012880466048023731,0.05,0.20776548118967758,58.283363580703735
645,15.953450783935843,1,16,0.006548878870501207,0.05,0.18198891915380955,58.336520195007324
646,14.441538482019677,1,19,0.010780913748483945,0.05,0.20590639388874957,58.40480828285217
647,16.282282023504376,1,16,0.0015981118570383979,0.05,0.16997315897606313,58.461846590042114
648,15.83767383559607,1,17,0.0015007510146096692,0.05,0.15793689044521136,58.51250100135803
649,15.649992794543504,1,17,0.003921984590112393,0.05,0.14993561727597432,58.572224617004395
650,17.854368824954143,1,8,0.005816533771316235,0.05,0.0721940656658262,58.59803771972656
651,17.752657605847343,1,10,0.002846802594030695,0.05,0.2183689519762993,58.62792754173279
652,12.343412779131905,1,22,0.0025266550132041488,0.05,0.17945838093080305,58.7027153968811
653,12.919379337821738,1,21,0.006624587541389837,0.05,0.15392736345529556,58.76475691795349
654,15.689129451755434,1,17,0.006506298478582639,0.05,0.20193907136426253,58.82223868370056
655,13.103195809421596,1,20,0.0005070375735419796,0.05,0.15463987765833737,58.88670110702515
656,17.854834232339634,1,8,0.0032304374060146725,0.05,0.20353216864168644,58.91311526298523
657,16.374351189890877,1,15,0.0031597280987329945,0.05,0.15529709222416083,58.96415591239929
658,15.00048583477037,1,18,0.007082937445917925,0.05,0.21627765148878098,59.024253368377686
659,11.05126541092759,1,23,0.006200908390994853,0.05,0.21054434144626494,59.098772048950195
660,17.290654036123307,1,12,0.005457168463516626,0.05,0.18347659024099508,59.13715839385986
661,11.889396072924136,1,22,0.01013314336452431,0.05,0.1938226998529651,59.208268880844116
662,17.403423161862882,1,12,0.0011459713419091078,0.05,0.26368906007458764,59.249878883361816
663,10.972529646800831,1,23,0.003220058803506287,0.05,0.20193763020569863,59.32667088508606
664,17.65823674571002,1,10,0.0027589707105790534,0.05,0.18004040252417325,59.36551308631897
665,16.300013264536393,1,15,0.0014634953997322842,0.05,0.24037101765473684,59.41875720024109
666,12.087103918947104,1,22,0.0019650694326118767,0.05,0.2602714989334345,59.490116119384766
667,17.41733437180519,1,12,0.005272377252917987,0.05,0.2523693311959505,59.53246212005615
668,11.472387481783516,1,22,0.007391686921154439,0.05,0.19928757507692685,59.60659456253052
669,17.441186714172364,1,11,0.007457320361992037,0.05,0.24149061637845906,59.645833015441895
670,15.997016176697798,1,17,0.0010313167077505847,0.05,0.1885146206135259,59.70090389251709
671,13.418108757730806,1,20,0.00425513343234829,0.05,0.20324018066748978,59.762539863586426
672,16.6104842184679,1,14,0.00112698274784101,0.05,0.18192491387682302,59.807191133499146
673,12.949837789637968,1,22,0.012530713658352899,0.05,0.14895443034104325,59.889095306396484
674,17.644334794790485,1,10,0.002383073751465112,0.05,0.1486113090068102,59.918813705444336
675,12.79426857283106,1,21,0.00035405398648069575,0.05,0.18132658400351093,59.98367357254028
676,12.703750966489315,1,27,0.008904678140997047,0.05,0.19990284644343234,60.07389855384827
677,13.40871696472168,1,20,0.0011714807727131182,0.05,0.22281002756208182,60.14488887786865
678,15.3619578477912,1,18,0.0027131157947495876,0.05,0.16208254928804106,60.19959020614624
679,14.268327864492312,1,19,0.0033483755309733354,0.05,0.16032308340072632,60.26799154281616
680,12.71534178176189,1,22,0.00021588960028096071,0.05,0.17451139327815987,60.34395718574524
681,12.53477638461627,1,20,0.01004053574316699,0.05,0.1888261741027236,60.40793180465698
682,13.85096533917822,1,19,0.009544343278162337,0.05,0.17060117796063423,60.477773666381836
683,15.561050981003792,1,17,0.00800558662515194,0.05,0.1857481475042946,60.530205726623535
684,17.56348664281459,1,8,0.01024561408503897,0.05,0.2228241190314293,60.55669379234314
685,17.074255386472213,1,13,0.011015334458754189,0.05,0.18732728981054747,60.5972101688385
686,16.966002429749643,1,14,0.0031968276264011386,0.05,0.23051676633102552,60.644206047058105
687,17.50244037094526,1,9,0.00856851291331813,0.05,0.17584211193025112,60.67111420631409
688,17.691419493523426,1,8,0.0007418340690476394,0.05,0.16533179534599185,60.70179057121277
689,17.41477519694454,1,10,0.0032947850413861945,0.05,0.19519566968083382,60.73171067237854
690,13.5937626218074,1,19,0.004721713674293859,0.05,0.1692035106059752,60.78985905647278
691,15.367721938504836,1,17,0.005913050056568503,0.05,0.17370746328550227,60.85135245323181
692,16.3651831574738,1,15,0.003298283722391049,0.05,0.20066245272755623,60.89766025543213
693,15.310096195130608,1,17,0.0029606003617678733,0.05,0.18927758011747808,60.95702528953552
694,11.678680685238215,1,21,0.0032813064582413176,0.05,0.18667755063091004,61.02143931388855
695,17.56171582825482,1,10,0.007107037848747,0.05,0.1809385485947132,61.0546452999115
696,16.696230034530164,1,14,0.0014273170741511687,0.05,0.17998393491974898,61.10677695274353
697,17.696803860203364,1,9,0.006468520194836916,0.05,0.17422771681514052,61.13702344894409
698,14.26343607463059,1,19,0.008641883706426157,0.05,0.22339268067949697,61.20268774032593
699,14.289947396353817,1,18,0.007136170410952158,0.05,0.18495046026590797,61.26113557815552
700,14.000368056539447,1,20,0.00539314048337336,0.05,0.18516657333821057,61.33244514465332
